cd,name
01,Northern Region
01,Northern Region
01,Northern Region
01,Northern Region
01,Northern Region
01,Northern Region
01,Northern Region
01,Northern Region
01,Northern Region
01,Northern Region
01,Northern Region
01,Northern Region
01,Northern Region
01,Northern Region
01,Northern Region
01,Northern Region
01,Northern Region
01,Northern Region
01,Northern Region
01,Northern Region
01,Northern Region
01,Northern Region
01,Northern Region
01,Northern Region
01,Northern Region
01,Northern Region
01,Northern Region
01,Northern Region
01,Northern Region
01,Northern Region
01,Northern Region
01,Northern Region
01,Northern Region
01,Northern Region
01,Northern Region
01,Northern Region
01,Northern Region
01,Northern Region
01,Northern Region
01,Northern Region
01,Northern Region
01,Northern Region
01,Northern Region
01,Northern Region
01,Northern Region
01,Northern Region
01,Northern Region
01,Northern Region
01,Northern Region
01,Northern Region
01,Northern Region
01,Northern Region
01,Northern Region
01,Northern Region
01,Northern Region
01,Northern Region
01,Northern Region
01,Northern Region
01,Northern Region
01,Northern Region
01,Northern Region
01,Northern Region
01,Northern Region
01,Northern Region
01,Northern Region
01,Northern Region
01,Northern Region
01,Northern Region
01,Northern Region
01,Northern Region
01,Northern Region
01,Northern Region
01,Northern Region
01,Northern Region
01,Northern Region
01,Northern Region
01,Northern Region
01,Northern Region
01,Northern Region
01,Northern Region
01,Northern Region
01,Northern Region
01,Northern Region
01,Northern Region
01,Northern Region
01,Northern Region
01,Northern Region
01,Northern Region
01,Northern Region
01,Northern Region
01,Northern Region
01,Northern Region
01,Northern Region
01,Northern Region
01,Northern Region
01,Northern Region
01,Northern Region
01,Northern Region
01,Northern Region
01,Northern Region
01,Northern Region
01,Northern Region
01,Northern Region
01,Northern Region
01,Northern Region
01,Northern Region
01,Northern Region
01,Northern Region
01,Northern Region
01,Northern Region
01,Northern Region
01,Northern Region
01,Northern Region
01,Northern Region
01,Northern Region
01,Northern Region
01,Northern Region
01,Northern Region
02,Rocky Mountain Region
02,Rocky Mountain Region
02,Rocky Mountain Region
02,Rocky Mountain Region
02,Rocky Mountain Region
02,Rocky Mountain Region
02,Rocky Mountain Region
02,Rocky Mountain Region
02,Rocky Mountain Region
02,Rocky Mountain Region
02,Rocky Mountain Region
02,Rocky Mountain Region
02,Rocky Mountain Region
02,Rocky Mountain Region
02,Rocky Mountain Region
02,Rocky Mountain Region
02,Rocky Mountain Region
02,Rocky Mountain Region
02,Rocky Mountain Region
02,Rocky Mountain Region
02,Rocky Mountain Region
02,Rocky Mountain Region
02,Rocky Mountain Region
02,Rocky Mountain Region
02,Rocky Mountain Region
02,Rocky Mountain Region
02,Rocky Mountain Region
02,Rocky Mountain Region
02,Rocky Mountain Region
02,Rocky Mountain Region
02,Rocky Mountain Region
02,Rocky Mountain Region
02,Rocky Mountain Region
02,Rocky Mountain Region
02,Rocky Mountain Region
02,Rocky Mountain Region
02,Rocky Mountain Region
02,Rocky Mountain Region
02,Rocky Mountain Region
02,Rocky Mountain Region
02,Rocky Mountain Region
02,Rocky Mountain Region
02,Rocky Mountain Region
02,Rocky Mountain Region
02,Rocky Mountain Region
02,Rocky Mountain Region
02,Rocky Mountain Region
02,Rocky Mountain Region
02,Rocky Mountain Region
02,Rocky Mountain Region
02,Rocky Mountain Region
02,Rocky Mountain Region
02,Rocky Mountain Region
02,Rocky Mountain Region
02,Rocky Mountain Region
02,Rocky Mountain Region
02,Rocky Mountain Region
02,Rocky Mountain Region
02,Rocky Mountain Region
02,Rocky Mountain Region
02,Rocky Mountain Region
02,Rocky Mountain Region
02,Rocky Mountain Region
02,Rocky Mountain Region
02,Rocky Mountain Region
02,Rocky Mountain Region
02,Rocky Mountain Region
02,Rocky Mountain Region
02,Rocky Mountain Region
02,Rocky Mountain Region
02,Rocky Mountain Region
02,Rocky Mountain Region
02,Rocky Mountain Region
02,Rocky Mountain Region
02,Rocky Mountain Region
02,Rocky Mountain Region
02,Rocky Mountain Region
02,Rocky Mountain Region
02,Rocky Mountain Region
02,Rocky Mountain Region
02,Rocky Mountain Region
02,Rocky Mountain Region
02,Rocky Mountain Region
02,Rocky Mountain Region
02,Rocky Mountain Region
02,Rocky Mountain Region
02,Rocky Mountain Region
02,Rocky Mountain Region
02,Rocky Mountain Region
02,Rocky Mountain Region
02,Rocky Mountain Region
02,Rocky Mountain Region
02,Rocky Mountain Region
02,Rocky Mountain Region
02,Rocky Mountain Region
02,Rocky Mountain Region
02,Rocky Mountain Region
02,Rocky Mountain Region
02,Rocky Mountain Region
02,Rocky Mountain Region
02,Rocky Mountain Region
02,Rocky Mountain Region
03,Southwest Region
03,Southwest Region
03,Southwest Region
03,Southwest Region
03,Southwest Region
03,Southwest Region
03,Southwest Region
03,Southwest Region
03,Southwest Region
03,Southwest Region
03,Southwest Region
03,Southwest Region
03,Southwest Region
03,Southwest Region
03,Southwest Region
03,Southwest Region
03,Southwest Region
03,Southwest Region
03,Southwest Region
03,Southwest Region
03,Southwest Region
03,Southwest Region
03,Southwest Region
03,Southwest Region
03,Southwest Region
03,Southwest Region
03,Southwest Region
03,Southwest Region
03,Southwest Region
03,Southwest Region
03,Southwest Region
03,Southwest Region
03,Southwest Region
03,Southwest Region
03,Southwest Region
03,Southwest Region
03,Southwest Region
03,Southwest Region
03,Southwest Region
03,Southwest Region
03,Southwest Region
03,Southwest Region
03,Southwest Region
03,Southwest Region
03,Southwest Region
03,Southwest Region
03,Southwest Region
03,Southwest Region
03,Southwest Region
03,Southwest Region
03,Southwest Region
03,Southwest Region
03,Southwest Region
03,Southwest Region
03,Southwest Region
03,Southwest Region
03,Southwest Region
03,Southwest Region
03,Southwest Region
03,Southwest Region
03,Southwest Region
03,Southwest Region
03,Southwest Region
03,Southwest Region
03,Southwest Region
03,Southwest Region
03,Southwest Region
03,Southwest Region
03,Southwest Region
03,Southwest Region
03,Southwest Region
03,Southwest Region
03,Southwest Region
03,Southwest Region
03,Southwest Region
03,Southwest Region
03,Southwest Region
03,Southwest Region
03,Southwest Region
03,Southwest Region
03,Southwest Region
03,Southwest Region
03,Southwest Region
03,Southwest Region
03,Southwest Region
03,Southwest Region
03,Southwest Region
03,Southwest Region
03,Southwest Region
03,Southwest Region
03,Southwest Region
03,Southwest Region
04,Intermountain Region
04,Intermountain Region
04,Intermountain Region
04,Intermountain Region
04,Intermountain Region
04,Intermountain Region
04,Intermountain Region
04,Intermountain Region
04,Intermountain Region
04,Intermountain Region
04,Intermountain Region
04,Intermountain Region
04,Intermountain Region
04,Intermountain Region
04,Intermountain Region
04,Intermountain Region
04,Intermountain Region
04,Intermountain Region
04,Intermountain Region
04,Intermountain Region
04,Intermountain Region
04,Intermountain Region
04,Intermountain Region
04,Intermountain Region
04,Intermountain Region
04,Intermountain Region
04,Intermountain Region
04,Intermountain Region
04,Intermountain Region
04,Intermountain Region
04,Intermountain Region
04,Intermountain Region
04,Intermountain Region
04,Intermountain Region
04,Intermountain Region
04,Intermountain Region
04,Intermountain Region
04,Intermountain Region
04,Intermountain Region
04,Intermountain Region
04,Intermountain Region
04,Intermountain Region
04,Intermountain Region
04,Intermountain Region
04,Intermountain Region
04,Intermountain Region
04,Intermountain Region
04,Intermountain Region
04,Intermountain Region
04,Intermountain Region
04,Intermountain Region
04,Intermountain Region
04,Intermountain Region
04,Intermountain Region
04,Intermountain Region
04,Intermountain Region
04,Intermountain Region
04,Intermountain Region
04,Intermountain Region
04,Intermountain Region
04,Intermountain Region
04,Intermountain Region
04,Intermountain Region
04,Intermountain Region
04,Intermountain Region
04,Intermountain Region
04,Intermountain Region
04,Intermountain Region
04,Intermountain Region
04,Intermountain Region
04,Intermountain Region
04,Intermountain Region
04,Intermountain Region
04,Intermountain Region
04,Intermountain Region
04,Intermountain Region
04,Intermountain Region
04,Intermountain Region
04,Intermountain Region
04,Intermountain Region
04,Intermountain Region
04,Intermountain Region
04,Intermountain Region
04,Intermountain Region
04,Intermountain Region
04,Intermountain Region
04,Intermountain Region
04,Intermountain Region
04,Intermountain Region
04,Intermountain Region
04,Intermountain Region
04,Intermountain Region
04,Intermountain Region
04,Intermountain Region
04,Intermountain Region
04,Intermountain Region
04,Intermountain Region
04,Intermountain Region
04,Intermountain Region
04,Intermountain Region
04,Intermountain Region
04,Intermountain Region
04,Intermountain Region
04,Intermountain Region
04,Intermountain Region
04,Intermountain Region
04,Intermountain Region
04,Intermountain Region
04,Intermountain Region
04,Intermountain Region
04,Intermountain Region
04,Intermountain Region
04,Intermountain Region
04,Intermountain Region
04,Intermountain Region
04,Intermountain Region
04,Intermountain Region
04,Intermountain Region
04,Intermountain Region
04,Intermountain Region
04,Intermountain Region
04,Intermountain Region
04,Intermountain Region
04,Intermountain Region
04,Intermountain Region
04,Intermountain Region
04,Intermountain Region
04,Intermountain Region
04,Intermountain Region
04,Intermountain Region
04,Intermountain Region
04,Intermountain Region
04,Intermountain Region
04,Intermountain Region
04,Intermountain Region
04,Intermountain Region
04,Intermountain Region
04,Intermountain Region
04,Intermountain Region
04,Intermountain Region
04,Intermountain Region
04,Intermountain Region
04,Intermountain Region
04,Intermountain Region
04,Intermountain Region
04,Intermountain Region
05,Pacific Southwest Region
05,Pacific Southwest Region
05,Pacific Southwest Region
05,Pacific Southwest Region
05,Pacific Southwest Region
05,Pacific Southwest Region
05,Pacific Southwest Region
05,Pacific Southwest Region
05,Pacific Southwest Region
05,Pacific Southwest Region
05,Pacific Southwest Region
05,Pacific Southwest Region
05,Pacific Southwest Region
05,Pacific Southwest Region
05,Pacific Southwest Region
05,Pacific Southwest Region
05,Pacific Southwest Region
05,Pacific Southwest Region
05,Pacific Southwest Region
05,Pacific Southwest Region
05,Pacific Southwest Region
05,Pacific Southwest Region
05,Pacific Southwest Region
05,Pacific Southwest Region
05,Pacific Southwest Region
05,Pacific Southwest Region
05,Pacific Southwest Region
05,Pacific Southwest Region
05,Pacific Southwest Region
05,Pacific Southwest Region
05,Pacific Southwest Region
05,Pacific Southwest Region
05,Pacific Southwest Region
05,Pacific Southwest Region
05,Pacific Southwest Region
05,Pacific Southwest Region
05,Pacific Southwest Region
05,Pacific Southwest Region
05,Pacific Southwest Region
05,Pacific Southwest Region
05,Pacific Southwest Region
05,Pacific Southwest Region
05,Pacific Southwest Region
05,Pacific Southwest Region
05,Pacific Southwest Region
05,Pacific Southwest Region
05,Pacific Southwest Region
05,Pacific Southwest Region
05,Pacific Southwest Region
05,Pacific Southwest Region
05,Pacific Southwest Region
05,Pacific Southwest Region
05,Pacific Southwest Region
05,Pacific Southwest Region
05,Pacific Southwest Region
05,Pacific Southwest Region
05,Pacific Southwest Region
05,Pacific Southwest Region
05,Pacific Southwest Region
05,Pacific Southwest Region
05,Pacific Southwest Region
05,Pacific Southwest Region
05,Pacific Southwest Region
05,Pacific Southwest Region
05,Pacific Southwest Region
05,Pacific Southwest Region
05,Pacific Southwest Region
05,Pacific Southwest Region
05,Pacific Southwest Region
05,Pacific Southwest Region
05,Pacific Southwest Region
05,Pacific Southwest Region
05,Pacific Southwest Region
05,Pacific Southwest Region
05,Pacific Southwest Region
05,Pacific Southwest Region
05,Pacific Southwest Region
05,Pacific Southwest Region
05,Pacific Southwest Region
05,Pacific Southwest Region
05,Pacific Southwest Region
05,Pacific Southwest Region
05,Pacific Southwest Region
05,Pacific Southwest Region
05,Pacific Southwest Region
05,Pacific Southwest Region
05,Pacific Southwest Region
05,Pacific Southwest Region
05,Pacific Southwest Region
05,Pacific Southwest Region
05,Pacific Southwest Region
05,Pacific Southwest Region
05,Pacific Southwest Region
05,Pacific Southwest Region
05,Pacific Southwest Region
05,Pacific Southwest Region
05,Pacific Southwest Region
05,Pacific Southwest Region
05,Pacific Southwest Region
05,Pacific Southwest Region
05,Pacific Southwest Region
05,Pacific Southwest Region
05,Pacific Southwest Region
05,Pacific Southwest Region
05,Pacific Southwest Region
05,Pacific Southwest Region
05,Pacific Southwest Region
05,Pacific Southwest Region
05,Pacific Southwest Region
05,Pacific Southwest Region
05,Pacific Southwest Region
05,Pacific Southwest Region
05,Pacific Southwest Region
05,Pacific Southwest Region
05,Pacific Southwest Region
05,Pacific Southwest Region
05,Pacific Southwest Region
05,Pacific Southwest Region
05,Pacific Southwest Region
05,Pacific Southwest Region
05,Pacific Southwest Region
05,Pacific Southwest Region
05,Pacific Southwest Region
05,Pacific Southwest Region
05,Pacific Southwest Region
05,Pacific Southwest Region
06,Pacific Northwest Region
06,Pacific Northwest Region
06,Pacific Northwest Region
06,Pacific Northwest Region
06,Pacific Northwest Region
06,Pacific Northwest Region
06,Pacific Northwest Region
06,Pacific Northwest Region
06,Pacific Northwest Region
06,Pacific Northwest Region
06,Pacific Northwest Region
06,Pacific Northwest Region
06,Pacific Northwest Region
06,Pacific Northwest Region
06,Pacific Northwest Region
06,Pacific Northwest Region
06,Pacific Northwest Region
06,Pacific Northwest Region
06,Pacific Northwest Region
06,Pacific Northwest Region
06,Pacific Northwest Region
06,Pacific Northwest Region
06,Pacific Northwest Region
06,Pacific Northwest Region
06,Pacific Northwest Region
06,Pacific Northwest Region
06,Pacific Northwest Region
06,Pacific Northwest Region
06,Pacific Northwest Region
06,Pacific Northwest Region
06,Pacific Northwest Region
06,Pacific Northwest Region
06,Pacific Northwest Region
06,Pacific Northwest Region
06,Pacific Northwest Region
06,Pacific Northwest Region
06,Pacific Northwest Region
06,Pacific Northwest Region
06,Pacific Northwest Region
06,Pacific Northwest Region
06,Pacific Northwest Region
06,Pacific Northwest Region
06,Pacific Northwest Region
06,Pacific Northwest Region
06,Pacific Northwest Region
06,Pacific Northwest Region
06,Pacific Northwest Region
06,Pacific Northwest Region
06,Pacific Northwest Region
06,Pacific Northwest Region
06,Pacific Northwest Region
06,Pacific Northwest Region
06,Pacific Northwest Region
06,Pacific Northwest Region
06,Pacific Northwest Region
06,Pacific Northwest Region
06,Pacific Northwest Region
06,Pacific Northwest Region
06,Pacific Northwest Region
06,Pacific Northwest Region
06,Pacific Northwest Region
06,Pacific Northwest Region
06,Pacific Northwest Region
06,Pacific Northwest Region
06,Pacific Northwest Region
06,Pacific Northwest Region
06,Pacific Northwest Region
06,Pacific Northwest Region
06,Pacific Northwest Region
06,Pacific Northwest Region
06,Pacific Northwest Region
06,Pacific Northwest Region
06,Pacific Northwest Region
06,Pacific Northwest Region
06,Pacific Northwest Region
06,Pacific Northwest Region
06,Pacific Northwest Region
06,Pacific Northwest Region
06,Pacific Northwest Region
06,Pacific Northwest Region
06,Pacific Northwest Region
06,Pacific Northwest Region
06,Pacific Northwest Region
06,Pacific Northwest Region
06,Pacific Northwest Region
06,Pacific Northwest Region
06,Pacific Northwest Region
06,Pacific Northwest Region
06,Pacific Northwest Region
06,Pacific Northwest Region
06,Pacific Northwest Region
06,Pacific Northwest Region
06,Pacific Northwest Region
06,Pacific Northwest Region
06,Pacific Northwest Region
06,Pacific Northwest Region
06,Pacific Northwest Region
06,Pacific Northwest Region
06,Pacific Northwest Region
06,Pacific Northwest Region
06,Pacific Northwest Region
06,Pacific Northwest Region
06,Pacific Northwest Region
06,Pacific Northwest Region
06,Pacific Northwest Region
06,Pacific Northwest Region
06,Pacific Northwest Region
06,Pacific Northwest Region
06,Pacific Northwest Region
06,Pacific Northwest Region
06,Pacific Northwest Region
06,Pacific Northwest Region
06,Pacific Northwest Region
06,Pacific Northwest Region
06,Pacific Northwest Region
06,Pacific Northwest Region
06,Pacific Northwest Region
06,Pacific Northwest Region
06,Pacific Northwest Region
06,Pacific Northwest Region
06,Pacific Northwest Region
06,Pacific Northwest Region
06,Pacific Northwest Region
06,Pacific Northwest Region
06,Pacific Northwest Region
06,Pacific Northwest Region
06,Pacific Northwest Region
06,Pacific Northwest Region
06,Pacific Northwest Region
06,Pacific Northwest Region
06,Pacific Northwest Region
06,Pacific Northwest Region
06,Pacific Northwest Region
06,Pacific Northwest Region
06,Pacific Northwest Region
06,Pacific Northwest Region
06,Pacific Northwest Region
06,Pacific Northwest Region
06,Pacific Northwest Region
06,Pacific Northwest Region
06,Pacific Northwest Region
06,Pacific Northwest Region
06,Pacific Northwest Region
06,Pacific Northwest Region
06,Pacific Northwest Region
06,Pacific Northwest Region
06,Pacific Northwest Region
06,Pacific Northwest Region
06,Pacific Northwest Region
06,Pacific Northwest Region
06,Pacific Northwest Region
06,Pacific Northwest Region
06,Pacific Northwest Region
06,Pacific Northwest Region
06,Pacific Northwest Region
06,Pacific Northwest Region
06,Pacific Northwest Region
06,Pacific Northwest Region
06,Pacific Northwest Region
06,Pacific Northwest Region
06,Pacific Northwest Region
06,Pacific Northwest Region
08,Southern Region
08,Southern Region
08,Southern Region
08,Southern Region
08,Southern Region
08,Southern Region
08,Southern Region
08,Southern Region
08,Southern Region
08,Southern Region
08,Southern Region
08,Southern Region
08,Southern Region
08,Southern Region
08,Southern Region
08,Southern Region
08,Southern Region
08,Southern Region
08,Southern Region
08,Southern Region
08,Southern Region
08,Southern Region
08,Southern Region
08,Southern Region
08,Southern Region
08,Southern Region
08,Southern Region
08,Southern Region
08,Southern Region
08,Southern Region
08,Southern Region
08,Southern Region
08,Southern Region
08,Southern Region
08,Southern Region
08,Southern Region
08,Southern Region
08,Southern Region
08,Southern Region
08,Southern Region
08,Southern Region
08,Southern Region
08,Southern Region
08,Southern Region
08,Southern Region
08,Southern Region
08,Southern Region
08,Southern Region
08,Southern Region
08,Southern Region
08,Southern Region
08,Southern Region
08,Southern Region
08,Southern Region
08,Southern Region
08,Southern Region
08,Southern Region
08,Southern Region
08,Southern Region
08,Southern Region
08,Southern Region
08,Southern Region
08,Southern Region
08,Southern Region
08,Southern Region
08,Southern Region
08,Southern Region
08,Southern Region
08,Southern Region
08,Southern Region
08,Southern Region
08,Southern Region
08,Southern Region
08,Southern Region
08,Southern Region
08,Southern Region
08,Southern Region
08,Southern Region
08,Southern Region
08,Southern Region
08,Southern Region
08,Southern Region
08,Southern Region
08,Southern Region
08,Southern Region
08,Southern Region
08,Southern Region
08,Southern Region
08,Southern Region
08,Southern Region
08,Southern Region
08,Southern Region
08,Southern Region
08,Southern Region
08,Southern Region
08,Southern Region
08,Southern Region
08,Southern Region
08,Southern Region
08,Southern Region
08,Southern Region
08,Southern Region
08,Southern Region
08,Southern Region
08,Southern Region
08,Southern Region
08,Southern Region
08,Southern Region
08,Southern Region
08,Southern Region
08,Southern Region
08,Southern Region
08,Southern Region
08,Southern Region
08,Southern Region
08,Southern Region
08,Southern Region
08,Southern Region
08,Southern Region
08,Southern Region
08,Southern Region
08,Southern Region
08,Southern Region
08,Southern Region
08,Southern Region
08,Southern Region
08,Southern Region
08,Southern Region
08,Southern Region
08,Southern Region
08,Southern Region
08,Southern Region
08,Southern Region
08,Southern Region
08,Southern Region
08,Southern Region
08,Southern Region
08,Southern Region
08,Southern Region
08,Southern Region
08,Southern Region
08,Southern Region
08,Southern Region
08,Southern Region
08,Southern Region
08,Southern Region
08,Southern Region
08,Southern Region
08,Southern Region
08,Southern Region
08,Southern Region
08,Southern Region
08,Southern Region
08,Southern Region
08,Southern Region
08,Southern Region
08,Southern Region
08,Southern Region
08,Southern Region
08,Southern Region
08,Southern Region
08,Southern Region
08,Southern Region
08,Southern Region
08,Southern Region
08,Southern Region
08,Southern Region
08,Southern Region
08,Southern Region
08,Southern Region
08,Southern Region
08,Southern Region
09,Eastern Region
09,Eastern Region
09,Eastern Region
09,Eastern Region
09,Eastern Region
09,Eastern Region
09,Eastern Region
09,Eastern Region
09,Eastern Region
09,Eastern Region
09,Eastern Region
09,Eastern Region
09,Eastern Region
09,Eastern Region
09,Eastern Region
09,Eastern Region
09,Eastern Region
09,Eastern Region
09,Eastern Region
09,Eastern Region
09,Eastern Region
09,Eastern Region
09,Eastern Region
09,Eastern Region
09,Eastern Region
09,Eastern Region
09,Eastern Region
09,Eastern Region
09,Eastern Region
09,Eastern Region
09,Eastern Region
09,Eastern Region
09,Eastern Region
09,Eastern Region
09,Eastern Region
09,Eastern Region
09,Eastern Region
09,Eastern Region
09,Eastern Region
09,Eastern Region
09,Eastern Region
09,Eastern Region
09,Eastern Region
09,Eastern Region
09,Eastern Region
09,Eastern Region
09,Eastern Region
09,Eastern Region
09,Eastern Region
09,Eastern Region
09,Eastern Region
09,Eastern Region
09,Eastern Region
09,Eastern Region
09,Eastern Region
09,Eastern Region
09,Eastern Region
09,Eastern Region
09,Eastern Region
09,Eastern Region
09,Eastern Region
09,Eastern Region
09,Eastern Region
09,Eastern Region
09,Eastern Region
09,Eastern Region
09,Eastern Region
09,Eastern Region
09,Eastern Region
09,Eastern Region
09,Eastern Region
09,Eastern Region
09,Eastern Region
09,Eastern Region
09,Eastern Region
09,Eastern Region
09,Eastern Region
09,Eastern Region
09,Eastern Region
09,Eastern Region
09,Eastern Region
09,Eastern Region
09,Eastern Region
09,Eastern Region
09,Eastern Region
09,Eastern Region
09,Eastern Region
09,Eastern Region
09,Eastern Region
09,Eastern Region
09,Eastern Region
09,Eastern Region
09,Eastern Region
09,Eastern Region
09,Eastern Region
09,Eastern Region
09,Eastern Region
09,Eastern Region
09,Eastern Region
09,Eastern Region
09,Eastern Region
09,Eastern Region
09,Eastern Region
09,Eastern Region
09,Eastern Region
09,Eastern Region
09,Eastern Region
09,Eastern Region
09,Eastern Region
09,Eastern Region
09,Eastern Region
09,Eastern Region
10,Alaska Region
10,Alaska Region
10,Alaska Region
10,Alaska Region
10,Alaska Region
10,Alaska Region
10,Alaska Region
10,Alaska Region
10,Alaska Region
10,Alaska Region
10,Alaska Region
10,Alaska Region
10,Alaska Region
10,Alaska Region
10,Alaska Region
10,Alaska Region
10,Alaska Region
10,Alaska Region
10,Alaska Region
10,Alaska Region
10,Alaska Region
10,Alaska Region
10,Alaska Region
10,Alaska Region
10,Alaska Region
10,Alaska Region
10,Alaska Region
11,Forest Products Lab
11,Forest Products Lab
12,Int'l Inst. of Tropical Frstry
12,Int'l Inst. of Tropical Frstry
13,Washington Office
13,Washington Office
13,Washington Office
13,Washington Office
13,Washington Office
13,Washington Office
13,Washington Office
13,Washington Office
13,Washington Office
13,Washington Office
13,Washington Office
13,Washington Office
13,Washington Office
16,Job Corps
16,Job Corps
16,Job Corps
16,Job Corps
16,Job Corps
16,Job Corps
16,Job Corps
16,Job Corps
16,Job Corps
16,Job Corps
16,Job Corps
16,Job Corps
16,Job Corps
16,Job Corps
16,Job Corps
16,Job Corps
16,Job Corps
16,Job Corps
16,Job Corps
16,Job Corps
16,Job Corps
16,Job Corps
16,Job Corps
16,Job Corps
16,Job Corps
16,Job Corps
16,Job Corps
16,Job Corps
16,Job Corps
16,Job Corps
22,Rocky Mtn Research Station
23,N Central Forest Exp. Station
23,N Central Forest Exp. Station
23,N Central Forest Exp. Station
23,N Central Forest Exp. Station
23,N Central Forest Exp. Station
23,N Central Forest Exp. Station
23,N Central Forest Exp. Station
23,N Central Forest Exp. Station
24,Northern Research Station
24,Northern Research Station
24,Northern Research Station
24,Northern Research Station
24,Northern Research Station
24,Northern Research Station
24,Northern Research Station
24,Northern Research Station
24,Northern Research Station
24,Northern Research Station
24,Northern Research Station
24,Northern Research Station
24,Northern Research Station
24,Northern Research Station
24,Northern Research Station
24,Northern Research Station
24,Northern Research Station
24,Northern Research Station
24,Northern Research Station
24,Northern Research Station
24,Northern Research Station
24,Northern Research Station
24,Northern Research Station
24,Northern Research Station
24,Northern Research Station
24,Northern Research Station
24,Northern Research Station
24,Northern Research Station
24,Northern Research Station
24,Northern Research Station
24,Northern Research Station
24,Northern Research Station
24,Northern Research Station
24,Northern Research Station
24,Northern Research Station
24,Northern Research Station
24,Northern Research Station
24,Northern Research Station
24,Northern Research Station
25,Albuquerque Service Center
25,Albuquerque Service Center
25,Albuquerque Service Center
25,Albuquerque Service Center
26,Pacific NW Research Station
26,Pacific NW Research Station
27,Pacific SW Research Station
27,Pacific SW Research Station
33,Southern Research Station
42,"Northeastern Area, S&PF"
42,"Northeastern Area, S&PF"
42,"Northeastern Area, S&PF"
42,"Northeastern Area, S&PF"